-- phpMyAdmin SQL Dump
-- version 4.1.14
-- http://www.phpmyadmin.net
--
-- Host: 127.0.0.1
-- Generation Time: 25 Maj 2015, 17:46
-- Server version: 5.6.17
-- PHP Version: 5.5.12

SET SQL_MODE = "NO_AUTO_VALUE_ON_ZERO";
SET time_zone = "+00:00";


/*!40101 SET @OLD_CHARACTER_SET_CLIENT=@@CHARACTER_SET_CLIENT */;
/*!40101 SET @OLD_CHARACTER_SET_RESULTS=@@CHARACTER_SET_RESULTS */;
/*!40101 SET @OLD_COLLATION_CONNECTION=@@COLLATION_CONNECTION */;
/*!40101 SET NAMES utf8 */;

--
-- Database: `zpi_tours`
--

-- --------------------------------------------------------

--
-- Struktura tabeli dla tabeli `miasta`
--

CREATE TABLE IF NOT EXISTS `miasta` (
  `id_miasta` int(10) unsigned NOT NULL AUTO_INCREMENT,
  `nazwa_miasta` varchar(40) COLLATE utf8_polish_ci NOT NULL,
  PRIMARY KEY (`id_miasta`)
) ENGINE=MyISAM  DEFAULT CHARSET=utf8 COLLATE=utf8_polish_ci AUTO_INCREMENT=916 ;

--
-- Zrzut danych tabeli `miasta`
--

INSERT INTO `miasta` (`id_miasta`, `nazwa_miasta`) VALUES
(1, 'Aleksandrów Kujawski'),
(2, 'Aleksandrów Łódzki'),
(3, 'Alwernia'),
(4, 'Andrychów'),
(5, 'Annopol'),
(6, 'Augustów'),
(7, 'Babimost'),
(8, 'Baborów'),
(9, 'Baranów Sandomierski'),
(10, 'Barcin'),
(11, 'Barczewo'),
(12, 'Bardo'),
(13, 'Barlinek'),
(14, 'Bartoszyce'),
(15, 'Barwice'),
(16, 'Bełchatów'),
(17, 'Bełżyce'),
(18, 'Będzin'),
(19, 'Biała'),
(20, 'Biała Piska'),
(21, 'Biała Podlaska'),
(22, 'Biała Rawska'),
(23, 'Białobrzegi'),
(24, 'Białogard'),
(25, 'Biały Bór'),
(26, 'Białystok'),
(27, 'Biecz'),
(28, 'Bielawa'),
(29, 'Bielsk Podlaski'),
(30, 'Bielsko-Biała'),
(31, 'Bieruń'),
(32, 'Bierutów'),
(33, 'Bieżuń'),
(34, 'Biłgoraj'),
(35, 'Biskupiec'),
(36, 'Bisztynek'),
(37, 'Blachownia'),
(38, 'Błaszki'),
(39, 'Błażowa'),
(40, 'Błonie'),
(41, 'Bobolice'),
(42, 'Bobowa'),
(43, 'Bochnia'),
(44, 'Bodzentyn'),
(45, 'Bogatynia'),
(46, 'Boguchwała'),
(47, 'Boguszów-Gorce'),
(48, 'Bojanowo'),
(49, 'Bolesławiec'),
(50, 'Bolków'),
(51, 'Borek Wielkopolski'),
(52, 'Borne Sulinowo'),
(53, 'Braniewo'),
(54, 'Brańsk'),
(55, 'Brodnica'),
(56, 'Brok'),
(57, 'Brusy'),
(58, 'Brwinów'),
(59, 'Brzeg'),
(60, 'Brzeg Dolny'),
(61, 'Brzesko'),
(62, 'Brzeszcze'),
(63, 'Brześć Kujawski'),
(64, 'Brzeziny'),
(65, 'Brzostek'),
(66, 'Brzozów'),
(67, 'Buk'),
(68, 'Bukowno'),
(69, 'Busko-Zdrój'),
(70, 'Bychawa'),
(71, 'Byczyna'),
(72, 'Bydgoszcz'),
(73, 'Bystrzyca Kłodzka'),
(74, 'Bytom'),
(75, 'Bytom Odrzański'),
(76, 'Bytów'),
(77, 'Cedynia'),
(78, 'Chełm'),
(79, 'Chełmek'),
(80, 'Chełmno'),
(81, 'Chełmża'),
(82, 'Chęciny'),
(83, 'Chmielnik'),
(84, 'Chocianów'),
(85, 'Chociwel'),
(86, 'Chocz'),
(87, 'Chodecz'),
(88, 'Chodzież'),
(89, 'Chojna'),
(90, 'Chojnice'),
(91, 'Chojnów'),
(92, 'Choroszcz'),
(93, 'Chorzele'),
(94, 'Chorzów'),
(95, 'Choszczno'),
(96, 'Chrzanów'),
(97, 'Ciechanowiec'),
(98, 'Ciechanów'),
(99, 'Ciechocinek'),
(100, 'Cieszanów'),
(101, 'Cieszyn'),
(102, 'Ciężkowice'),
(103, 'Cybinka'),
(104, 'Czaplinek'),
(105, 'Czarna Białostocka'),
(106, 'Czarna Woda'),
(107, 'Czarne'),
(108, 'Czarnków'),
(109, 'Czchów'),
(110, 'Czechowice-Dziedzice'),
(111, 'Czeladź'),
(112, 'Czempiń'),
(113, 'Czerniejewo'),
(114, 'Czersk'),
(115, 'Czerwieńsk'),
(116, 'Czerwionka-Leszczyny'),
(117, 'Częstochowa'),
(118, 'Człopa'),
(119, 'Człuchów'),
(120, 'Czyżew'),
(121, 'Ćmielów'),
(122, 'Daleszyce'),
(123, 'Darłowo'),
(124, 'Dąbie'),
(125, 'Dąbrowa Białostocka'),
(126, 'Dąbrowa Górnicza'),
(127, 'Dąbrowa Tarnowska'),
(128, 'Debrzno'),
(129, 'Dębica'),
(130, 'Dęblin'),
(131, 'Dębno'),
(132, 'Dobczyce'),
(133, 'Dobiegniew'),
(134, 'Dobra (powiat łobeski)'),
(135, 'Dobra (powiat turecki)'),
(136, 'Dobre Miasto'),
(137, 'Dobrodzień'),
(138, 'Dobrzany'),
(139, 'Dobrzyca'),
(140, 'Dobrzyń nad Wisłą'),
(141, 'Dolsk'),
(142, 'Drawno'),
(143, 'Drawsko Pomorskie'),
(144, 'Drezdenko'),
(145, 'Drobin'),
(146, 'Drohiczyn'),
(147, 'Drzewica'),
(148, 'Dukla'),
(149, 'Duszniki-Zdrój'),
(150, 'Dynów'),
(151, 'Działdowo'),
(152, 'Działoszyce'),
(153, 'Działoszyn'),
(154, 'Dzierzgoń'),
(155, 'Dzierżoniów'),
(156, 'Dziwnów'),
(157, 'Elbląg'),
(158, 'Ełk'),
(159, 'Frampol'),
(160, 'Frombork'),
(161, 'Garwolin'),
(162, 'Gąbin'),
(163, 'Gdańsk'),
(164, 'Gdynia'),
(165, 'Giżycko'),
(166, 'Glinojeck'),
(167, 'Gliwice'),
(168, 'Głogów'),
(169, 'Głogów Małopolski'),
(170, 'Głogówek'),
(171, 'Głowno'),
(172, 'Głubczyce'),
(173, 'Głuchołazy'),
(174, 'Głuszyca'),
(175, 'Gniew'),
(176, 'Gniewkowo'),
(177, 'Gniezno'),
(178, 'Gogolin'),
(179, 'Golczewo'),
(180, 'Goleniów'),
(181, 'Golina'),
(182, 'Golub-Dobrzyń'),
(183, 'Gołańcz'),
(184, 'Gołdap'),
(185, 'Goniądz'),
(186, 'Gorlice'),
(187, 'Gorzów Śląski'),
(188, 'Gorzów Wielkopolski'),
(189, 'Gostynin'),
(190, 'Gostyń'),
(191, 'Gościno'),
(192, 'Gozdnica'),
(193, 'Góra'),
(194, 'Góra Kalwaria'),
(195, 'Górowo Iławeckie'),
(196, 'Górzno'),
(197, 'Grabów nad Prosną'),
(198, 'Grajewo'),
(199, 'Grodków'),
(200, 'Grodzisk Mazowiecki'),
(201, 'Grodzisk Wielkopolski'),
(202, 'Grójec'),
(203, 'Grudziądz'),
(204, 'Grybów'),
(205, 'Gryfice'),
(206, 'Gryfino'),
(207, 'Gryfów Śląski'),
(208, 'Gubin'),
(209, 'Hajnówka'),
(210, 'Halinów'),
(211, 'Hel'),
(212, 'Hrubieszów'),
(213, 'Iława'),
(214, 'Iłowa'),
(215, 'Iłża'),
(216, 'Imielin'),
(217, 'Inowrocław'),
(218, 'Ińsko'),
(219, 'Iwonicz-Zdrój'),
(220, 'Izbica Kujawska'),
(221, 'Jabłonowo Pomorskie'),
(222, 'Janikowo'),
(223, 'Janowiec Wielkopolski'),
(224, 'Janów Lubelski'),
(225, 'Jarocin'),
(226, 'Jarosław'),
(227, 'Jasień'),
(228, 'Jasło'),
(229, 'Jastarnia'),
(230, 'Jastrowie'),
(231, 'Jastrzębie-Zdrój'),
(232, 'Jawor'),
(233, 'Jaworzno'),
(234, 'Jaworzyna Śląska'),
(235, 'Jedlicze'),
(236, 'Jedlina-Zdrój'),
(237, 'Jedwabne'),
(238, 'Jelcz-Laskowice'),
(239, 'Jelenia Góra'),
(240, 'Jeziorany'),
(241, 'Jędrzejów'),
(242, 'Jordanów'),
(243, 'Józefów (powiat biłgorajski)'),
(244, 'Józefów (powiat otwocki)'),
(245, 'Jutrosin'),
(246, 'Kalety'),
(247, 'Kalisz'),
(248, 'Kalisz Pomorski'),
(249, 'Kalwaria Zebrzydowska'),
(250, 'Kałuszyn'),
(251, 'Kamienna Góra'),
(252, 'Kamień Krajeński'),
(253, 'Kamień Pomorski'),
(254, 'Kamieńsk'),
(255, 'Kańczuga'),
(256, 'Karczew'),
(257, 'Kargowa'),
(258, 'Karlino'),
(259, 'Karpacz'),
(260, 'Kartuzy'),
(261, 'Katowice'),
(262, 'Kazimierz Dolny'),
(263, 'Kazimierza Wielka'),
(264, 'Kąty Wrocławskie'),
(265, 'Kcynia'),
(266, 'Kędzierzyn-Koźle'),
(267, 'Kępice'),
(268, 'Kępno'),
(269, 'Kętrzyn'),
(270, 'Kęty'),
(271, 'Kielce'),
(272, 'Kietrz'),
(273, 'Kisielice'),
(274, 'Kleczew'),
(275, 'Kleszczele'),
(276, 'Kluczbork'),
(277, 'Kłecko'),
(278, 'Kłobuck'),
(279, 'Kłodawa'),
(280, 'Kłodzko'),
(281, 'Knurów'),
(282, 'Knyszyn'),
(283, 'Kobylin'),
(284, 'Kobyłka'),
(285, 'Kock'),
(286, 'Kolbuszowa'),
(287, 'Kolno'),
(288, 'Kolonowskie'),
(289, 'Koluszki'),
(290, 'Kołaczyce'),
(291, 'Koło'),
(292, 'Kołobrzeg'),
(293, 'Koniecpol'),
(294, 'Konin'),
(295, 'Konstancin-Jeziorna'),
(296, 'Konstantynów Łódzki'),
(297, 'Końskie'),
(298, 'Koprzywnica'),
(299, 'Korfantów'),
(300, 'Koronowo'),
(301, 'Korsze'),
(302, 'KosówLacki'),
(303, 'Kostrzyn'),
(304, 'Kostrzyn nad Odrą'),
(305, 'Koszalin'),
(306, 'Kościan'),
(307, 'Kościerzyna'),
(308, 'Kowal'),
(309, 'Kowalewo Pomorskie'),
(310, 'Kowary'),
(311, 'Koziegłowy'),
(312, 'Kozienice'),
(313, 'Koźmin Wielkopolski'),
(314, 'Kożuchów'),
(315, 'Kórnik'),
(316, 'Krajenka'),
(317, 'Kraków'),
(318, 'Krapkowice'),
(319, 'Krasnobród'),
(320, 'Krasnystaw'),
(321, 'Kraśnik'),
(322, 'Krobia'),
(323, 'Krosno'),
(324, 'Krosno Odrzańskie'),
(325, 'Krośniewice'),
(326, 'Krotoszyn'),
(327, 'Kruszwica'),
(328, 'Krynica Morska'),
(329, 'Krynica-Zdrój'),
(330, 'Krynki'),
(331, 'Krzanowice'),
(332, 'Krzepice'),
(333, 'Krzeszowice'),
(334, 'Krzywiń'),
(335, 'Krzyż Wielkopolski'),
(336, 'Książ Wielkopolski'),
(337, 'Kudowa-Zdrój'),
(338, 'Kunów'),
(339, 'Kutno'),
(340, 'Kuźnia Raciborska'),
(341, 'Kwidzyn'),
(342, 'Lądek-Zdrój'),
(343, 'Legionowo'),
(344, 'Legnica'),
(345, 'Lesko'),
(346, 'Leszno'),
(347, 'Leśna'),
(348, 'Leśnica'),
(349, 'Lewin Brzeski'),
(350, 'Leżajsk'),
(351, 'Lębork'),
(352, 'Lędziny'),
(353, 'Libiąż'),
(354, 'Lidzbark'),
(355, 'Lidzbark Warmiński'),
(356, 'Limanowa'),
(357, 'Lipiany'),
(358, 'Lipno'),
(359, 'Lipsk'),
(360, 'Lipsko'),
(361, 'Lubaczów'),
(362, 'Lubań'),
(363, 'Lubartów'),
(364, 'Lubawa'),
(365, 'Lubawka'),
(366, 'Lubień Kujawski'),
(367, 'Lubin'),
(368, 'Lublin'),
(369, 'Lubliniec'),
(370, 'Lubniewice'),
(371, 'Lubomierz'),
(372, 'Luboń'),
(373, 'Lubraniec'),
(374, 'Lubsko'),
(375, 'Lwówek'),
(376, 'Lwówek Śląski'),
(377, 'Łabiszyn'),
(378, 'Łańcut'),
(379, 'Łapy'),
(380, 'Łasin'),
(381, 'Łask'),
(382, 'Łaskarzew'),
(383, 'Łaszczów'),
(384, 'Łaziska Górne'),
(385, 'Łazy'),
(386, 'Łeba'),
(387, 'Łęczna'),
(388, 'Łęczyca'),
(389, 'Łęknica'),
(390, 'Łobez'),
(391, 'Łobżenica'),
(392, 'Łochów'),
(393, 'Łomianki'),
(394, 'Łomża'),
(395, 'Łosice'),
(396, 'Łowicz'),
(397, 'Łódź'),
(398, 'Łuków'),
(399, 'Maków Mazowiecki'),
(400, 'Maków Podhalański'),
(401, 'Malbork'),
(402, 'Małogoszcz'),
(403, 'Małomice'),
(404, 'Margonin'),
(405, 'Marki'),
(406, 'Maszewo'),
(407, 'Miasteczko Śląskie'),
(408, 'Miastko'),
(409, 'Michałowo'),
(410, 'Miechów'),
(411, 'Miejska Górka'),
(412, 'Mielec'),
(413, 'Mieroszów'),
(414, 'Mieszkowice'),
(415, 'Międzybórz'),
(416, 'Międzychód'),
(417, 'Międzylesie'),
(418, 'Międzyrzec Podlaski'),
(419, 'Międzyrzecz'),
(420, 'Międzyzdroje'),
(421, 'Mikołajki'),
(422, 'Mikołów'),
(423, 'Mikstat'),
(424, 'Milanówek'),
(425, 'Milicz'),
(426, 'Miłakowo'),
(427, 'Miłomłyn'),
(428, 'Miłosław'),
(429, 'Mińsk Mazowiecki'),
(430, 'Mirosławiec'),
(431, 'Mirsk'),
(432, 'Mława'),
(433, 'Młynary'),
(434, 'Modliborzyce'),
(435, 'Mogielnica'),
(436, 'Mogilno'),
(437, 'Mońki'),
(438, 'Morąg'),
(439, 'Mordy'),
(440, 'Moryń'),
(441, 'Mosina'),
(442, 'Mrągowo'),
(443, 'Mrocza'),
(444, 'Mrozy'),
(445, 'Mszana Dolna'),
(446, 'Mszczonów'),
(447, 'Murowana Goślina'),
(448, 'Muszyna'),
(449, 'Mysłowice'),
(450, 'Myszków'),
(451, 'Myszyniec'),
(452, 'Myślenice'),
(453, 'Myślibórz'),
(454, 'Nakło nad Notecią'),
(455, 'Nałęczów'),
(456, 'Namysłów'),
(457, 'Narol'),
(458, 'Nasielsk'),
(459, 'Nekla'),
(460, 'Nidzica'),
(461, 'Niemcza'),
(462, 'Niemodlin'),
(463, 'Niepołomice'),
(464, 'Nieszawa'),
(465, 'Nisko'),
(466, 'Nowa Dęba'),
(467, 'Nowa Ruda'),
(468, 'Nowa Sarzyna'),
(469, 'Nowa Sól'),
(470, 'Nowe'),
(471, 'Nowe Brzesko'),
(472, 'Nowe Miasteczko'),
(473, 'Nowe Miasto Lubawskie'),
(474, 'Nowe Miasto nad Pilicą'),
(475, 'Nowe Skalmierzyce'),
(476, 'Nowe Warpno'),
(477, 'Nowogard'),
(478, 'Nowogrodziec'),
(479, 'Nowogród'),
(480, 'Nowogród Bobrzański'),
(481, 'Nowy Dwór Gdański'),
(482, 'Nowy Dwór Mazowiecki'),
(483, 'Nowy Sącz'),
(484, 'Nowy Staw'),
(485, 'Nowy Targ'),
(486, 'Nowy Tomyśl'),
(487, 'Nowy Wiśnicz'),
(488, 'Nysa'),
(489, 'Oborniki'),
(490, 'Oborniki Śląskie'),
(491, 'Obrzycko'),
(492, 'Odolanów'),
(493, 'Ogrodzieniec'),
(494, 'Okonek'),
(495, 'Olecko'),
(496, 'Olesno'),
(497, 'Oleszyce'),
(498, 'Oleśnica'),
(499, 'Olkusz'),
(500, 'Olsztyn'),
(501, 'Olsztynek'),
(502, 'Olszyna'),
(503, 'Oława'),
(504, 'Opalenica'),
(505, 'Opatów'),
(506, 'Opoczno'),
(507, 'Opole'),
(508, 'Opole Lubelskie'),
(509, 'Orneta'),
(510, 'Orzesze'),
(511, 'Orzysz'),
(512, 'Osieczna'),
(513, 'Osiek'),
(514, 'Ostrołęka'),
(515, 'Ostroróg'),
(516, 'Ostrowiec Świętokrzyski'),
(517, 'Ostróda'),
(518, 'Ostrów Lubelski'),
(519, 'Ostrów Mazowiecka'),
(520, 'Ostrów Wielkopolski'),
(521, 'Ostrzeszów'),
(522, 'Ośno Lubuskie'),
(523, 'Oświęcim'),
(524, 'Otmuchów'),
(525, 'Otwock'),
(526, 'Ozimek'),
(527, 'Ozorków'),
(528, 'Ożarów'),
(529, 'Ożarów Mazowiecki'),
(530, 'Pabianice'),
(531, 'Paczków'),
(532, 'Pajęczno'),
(533, 'Pakość'),
(534, 'Parczew'),
(535, 'Pasłęk'),
(536, 'Pasym'),
(537, 'Pelplin'),
(538, 'Pełczyce'),
(539, 'Piaseczno'),
(540, 'Piaski'),
(541, 'Piastów'),
(542, 'Piechowice'),
(543, 'Piekary Śląskie'),
(544, 'Pieniężno'),
(545, 'Pieńsk'),
(546, 'Pieszyce'),
(547, 'Pilawa'),
(548, 'Pilica'),
(549, 'Pilzno'),
(550, 'Piła'),
(551, 'Piława Górna'),
(552, 'Pińczów'),
(553, 'Pionki'),
(554, 'Piotrków Kujawski'),
(555, 'Piotrków Trybunalski'),
(556, 'Pisz'),
(557, 'Piwniczna-Zdrój'),
(558, 'Pleszew'),
(559, 'Płock'),
(560, 'Płońsk'),
(561, 'Płoty'),
(562, 'Pniewy'),
(563, 'Pobiedziska'),
(564, 'Poddębice'),
(565, 'PodkowaLeśna'),
(566, 'Pogorzela'),
(567, 'Polanica-Zdrój'),
(568, 'Polanów'),
(569, 'Police'),
(570, 'Polkowice'),
(571, 'Połaniec'),
(572, 'Połczyn-Zdrój'),
(573, 'Poniatowa'),
(574, 'Poniec'),
(575, 'Poręba'),
(576, 'Poznań'),
(577, 'Prabuty'),
(578, 'Praszka'),
(579, 'Prochowice'),
(580, 'Proszowice'),
(581, 'Prószków'),
(582, 'Pruchnik'),
(583, 'Prudnik'),
(584, 'Prusice'),
(585, 'Pruszcz Gdański'),
(586, 'Pruszków'),
(587, 'Przasnysz'),
(588, 'Przecław'),
(589, 'Przedbórz'),
(590, 'Przedecz'),
(591, 'Przemków'),
(592, 'Przemyśl'),
(593, 'Przeworsk'),
(594, 'Przysucha'),
(595, 'Pszczyna'),
(596, 'Pszów'),
(597, 'Puck'),
(598, 'Puławy'),
(599, 'Pułtusk'),
(600, 'Puszczykowo'),
(601, 'Pyrzyce'),
(602, 'Pyskowice'),
(603, 'Pyzdry'),
(604, 'Rabka-Zdrój'),
(605, 'Raciąż'),
(606, 'Racibórz'),
(607, 'Radków'),
(608, 'Radlin'),
(609, 'Radłów'),
(610, 'Radom'),
(611, 'Radomsko'),
(612, 'Radomyśl Wielki'),
(613, 'Radymno'),
(614, 'Radziejów'),
(615, 'Radzionków'),
(616, 'Radzymin'),
(617, 'Radzyń Chełmiński'),
(618, 'Radzyń Podlaski'),
(619, 'Rajgród'),
(620, 'Rakoniewice'),
(621, 'Raszków'),
(622, 'Rawa Mazowiecka'),
(623, 'Rawicz'),
(624, 'Recz'),
(625, 'Reda'),
(626, 'Rejowiec Fabryczny'),
(627, 'Resko'),
(628, 'Reszel'),
(629, 'Rogoźno'),
(630, 'Ropczyce'),
(631, 'Różan'),
(632, 'Ruciane-Nida'),
(633, 'Ruda Śląska'),
(634, 'Rudnik nad Sanem'),
(635, 'Rumia'),
(636, 'Rybnik'),
(637, 'Rychwał'),
(638, 'Rydułtowy'),
(639, 'Rydzyna'),
(640, 'Ryglice'),
(641, 'Ryki'),
(642, 'Rymanów'),
(643, 'Ryn'),
(644, 'Rypin'),
(645, 'Rzepin'),
(646, 'Rzeszów'),
(647, 'Rzgów'),
(648, 'Sandomierz'),
(649, 'Sanok'),
(650, 'Sejny'),
(651, 'Serock'),
(652, 'Sędziszów'),
(653, 'Sędziszów Małopolski'),
(654, 'Sępopol'),
(655, 'Sępólno Krajeńskie'),
(656, 'Sianów'),
(657, 'Siechnice'),
(658, 'Siedlce'),
(659, 'Siemianowice Śląskie'),
(660, 'Siemiatycze'),
(661, 'Sieniawa'),
(662, 'Sieradz'),
(663, 'Sieraków'),
(664, 'Sierpc'),
(665, 'Siewierz'),
(666, 'Skalbmierz'),
(667, 'Skała'),
(668, 'Skarszewy'),
(669, 'Skaryszew'),
(670, 'Skarżysko-Kamienna'),
(671, 'Skawina'),
(672, 'Skępe'),
(673, 'Skierniewice'),
(674, 'Skoczów'),
(675, 'Skoki'),
(676, 'Skórcz'),
(677, 'Skwierzyna'),
(678, 'Sława'),
(679, 'Sławków'),
(680, 'Sławno'),
(681, 'Słomniki'),
(682, 'Słubice'),
(683, 'Słupca'),
(684, 'Słupsk'),
(685, 'Sobótka'),
(686, 'Sochaczew'),
(687, 'Sokołów Małopolski'),
(688, 'Sokołów Podlaski'),
(689, 'Sokółka'),
(690, 'Solec Kujawski'),
(691, 'Sompolno'),
(692, 'Sopot'),
(693, 'Sosnowiec'),
(694, 'Sośnicowice'),
(695, 'Stalowa Wola'),
(696, 'Starachowice'),
(697, 'Stargard Szczeciński'),
(698, 'Starogard Gdański'),
(699, 'StarySącz'),
(700, 'Staszów'),
(701, 'Stawiski'),
(702, 'Stawiszyn'),
(703, 'Stąporków'),
(704, 'Stepnica'),
(705, 'Stęszew'),
(706, 'Stoczek Łukowski'),
(707, 'Stopnica'),
(708, 'Stronie Śląskie'),
(709, 'Strumień'),
(710, 'Stryków'),
(711, 'Strzegom'),
(712, 'Strzelce Krajeńskie'),
(713, 'Strzelce Opolskie'),
(714, 'Strzelin'),
(715, 'Strzelno'),
(716, 'Strzyżów'),
(717, 'Sucha Beskidzka'),
(718, 'Suchań'),
(719, 'Suchedniów'),
(720, 'Suchowola'),
(721, 'Sulechów'),
(722, 'Sulejów'),
(723, 'Sulejówek'),
(724, 'Sulęcin'),
(725, 'Sulmierzyce'),
(726, 'Sułkowice'),
(727, 'Supraśl'),
(728, 'Suraż'),
(729, 'Susz'),
(730, 'Suwałki'),
(731, 'Swarzędz'),
(732, 'Syców'),
(733, 'Szadek'),
(734, 'Szamocin'),
(735, 'Szamotuły'),
(736, 'Szczawnica'),
(737, 'Szczawno-Zdrój'),
(738, 'Szczebrzeszyn'),
(739, 'Szczecin'),
(740, 'Szczecinek'),
(741, 'Szczekociny'),
(742, 'Szczucin'),
(743, 'Szczuczyn'),
(744, 'Szczyrk'),
(745, 'Szczytna'),
(746, 'Szczytno'),
(747, 'Szepietowo'),
(748, 'Szklarska Poręba'),
(749, 'Szlichtyngowa'),
(750, 'Szprotawa'),
(751, 'Sztum'),
(752, 'Szubin'),
(753, 'Szydłowiec'),
(754, 'Ścinawa'),
(755, 'Ślesin'),
(756, 'Śmigiel'),
(757, 'Śrem'),
(758, 'Środa Śląska'),
(759, 'ŚrodaWielkopolska'),
(760, 'Świątniki Górne'),
(761, 'Świdnica'),
(762, 'Świdnik'),
(763, 'Świdwin'),
(764, 'Świebodzice'),
(765, 'Świebodzin'),
(766, 'Świecie'),
(767, 'Świeradów-Zdrój'),
(768, 'Świerzawa'),
(769, 'Świętochłowice'),
(770, 'Świnoujście'),
(771, 'Tarczyn'),
(772, 'Tarnobrzeg'),
(773, 'Tarnogród'),
(774, 'Tarnowskie Góry'),
(775, 'Tarnów'),
(776, 'Tczew'),
(777, 'Terespol'),
(778, 'Tłuszcz'),
(779, 'Tolkmicko'),
(780, 'Tomaszów Lubelski'),
(781, 'Tomaszów Mazowiecki'),
(782, 'Toruń'),
(783, 'Torzym'),
(784, 'Toszek'),
(785, 'Trzcianka'),
(786, 'Trzciel'),
(787, 'Trzcińsko-Zdrój'),
(788, 'Trzebiatów'),
(789, 'Trzebinia'),
(790, 'Trzebnica'),
(791, 'Trzemeszno'),
(792, 'Tuchola'),
(793, 'Tuchów'),
(794, 'Tuczno'),
(795, 'Tuliszków'),
(796, 'Turek'),
(797, 'Tuszyn'),
(798, 'Twardogóra'),
(799, 'Tychowo'),
(800, 'Tychy'),
(801, 'Tyczyn'),
(802, 'Tykocin'),
(803, 'Tyszowce'),
(804, 'Ujazd'),
(805, 'Ujście'),
(806, 'Ulanów'),
(807, 'Uniejów'),
(808, 'Ustka'),
(809, 'Ustroń'),
(810, 'Ustrzyki Dolne'),
(811, 'Wadowice'),
(812, 'Wałbrzych'),
(813, 'Wałcz'),
(814, 'Warka'),
(815, 'Warszawa'),
(816, 'Warta'),
(817, 'Wasilków'),
(818, 'Wąbrzeźno'),
(819, 'Wąchock'),
(820, 'Wągrowiec'),
(821, 'Wąsosz'),
(822, 'Wejherowo'),
(823, 'Węgliniec'),
(824, 'Węgorzewo'),
(825, 'Węgorzyno'),
(826, 'Węgrów'),
(827, 'Wiązów'),
(828, 'Wieleń'),
(829, 'Wielichowo'),
(830, 'Wieliczka'),
(831, 'Wieluń'),
(832, 'Wieruszów'),
(833, 'Więcbork'),
(834, 'Wilamowice'),
(835, 'Wisła'),
(836, 'Witkowo'),
(837, 'Witnica'),
(838, 'Wleń'),
(839, 'Władysławowo'),
(840, 'Włocławek'),
(841, 'Włodawa'),
(842, 'Włoszczowa'),
(843, 'Wodzisław Śląski'),
(844, 'Wojcieszów'),
(845, 'Wojkowice'),
(846, 'Wojnicz'),
(847, 'Wolbórz'),
(848, 'Wolbrom'),
(849, 'Wolin'),
(850, 'Wolsztyn'),
(851, 'Wołczyn'),
(852, 'Wołomin'),
(853, 'Wołów'),
(854, 'Woźniki'),
(855, 'Wrocław'),
(856, 'Wronki'),
(857, 'Września'),
(858, 'Wschowa'),
(859, 'Wyrzysk'),
(860, 'Wysoka'),
(861, 'Wysokie Mazowieckie'),
(862, 'Wyszków'),
(863, 'Wyszogród'),
(864, 'Wyśmierzyce'),
(865, 'Zabłudów'),
(866, 'Zabrze'),
(867, 'Zagórów'),
(868, 'Zagórz'),
(869, 'Zakliczyn'),
(870, 'Zaklików'),
(871, 'Zakopane'),
(872, 'Zakroczym'),
(873, 'Zalewo'),
(874, 'Zambrów'),
(875, 'Zamość'),
(876, 'Zator'),
(877, 'Zawadzkie'),
(878, 'Zawichost'),
(879, 'Zawidów'),
(880, 'Zawiercie'),
(881, 'Ząbki'),
(882, 'Ząbkowice Śląskie'),
(883, 'Zbąszynek'),
(884, 'Zbąszyń'),
(885, 'Zduny'),
(886, 'Zduńska Wola'),
(887, 'Zdzieszowice'),
(888, 'Zelów'),
(889, 'Zgierz'),
(890, 'Zgorzelec'),
(891, 'Zielona Góra'),
(892, 'Zielonka'),
(893, 'Ziębice'),
(894, 'Złocieniec'),
(895, 'Złoczew'),
(896, 'Złotoryja'),
(897, 'Złotów'),
(898, 'Złoty Stok'),
(899, 'Zwierzyniec'),
(900, 'Zwoleń'),
(901, 'Żabno'),
(902, 'Żagań'),
(903, 'Żarki'),
(904, 'Żarów'),
(905, 'Żary'),
(906, 'Żelechów'),
(907, 'Żerków'),
(908, 'Żmigród'),
(909, 'Żnin'),
(910, 'Żory'),
(911, 'Żukowo'),
(912, 'Żuromin'),
(913, 'Żychlin'),
(914, 'Żyrardów'),
(915, 'Żywiec');

-- --------------------------------------------------------

--
-- Struktura tabeli dla tabeli `rezerwacje`
--

CREATE TABLE IF NOT EXISTS `rezerwacje` (
  `id_uzytkownika` int(10) unsigned NOT NULL,
  `id_wycieczki` int(10) unsigned NOT NULL,
  `czy_zaakceptowana` tinyint(1) DEFAULT '0',
  `data_zlozenia` timestamp NULL DEFAULT CURRENT_TIMESTAMP,
  PRIMARY KEY (`id_uzytkownika`,`id_wycieczki`)
) ENGINE=MyISAM DEFAULT CHARSET=utf8 COLLATE=utf8_polish_ci;

--
-- Zrzut danych tabeli `rezerwacje`
--

INSERT INTO `rezerwacje` (`id_uzytkownika`, `id_wycieczki`, `czy_zaakceptowana`, `data_zlozenia`) VALUES
(3, 5, 0, '2015-05-23 19:35:19'),
(2, 5, 0, '2015-05-23 19:35:19'),
(4, 5, 1, '2015-05-23 19:35:19'),
(1, 4, 0, '2015-05-23 19:35:19'),
(15, 4, 0, '2015-05-23 19:35:19'),
(20, 1, 0, '2015-05-23 19:35:19'),
(19, 1, 0, '2015-05-23 19:35:19'),
(4, 8, 1, '2015-05-23 19:35:19'),
(5, 8, 0, '2015-05-23 19:35:19'),
(10, 8, 0, '2015-05-23 19:35:19');

-- --------------------------------------------------------

--
-- Struktura tabeli dla tabeli `super_admin`
--

CREATE TABLE IF NOT EXISTS `super_admin` (
  `super_id` int(10) unsigned NOT NULL AUTO_INCREMENT,
  `super_email` varchar(50) COLLATE utf8_polish_ci NOT NULL,
  `super_haslo` char(32) COLLATE utf8_polish_ci NOT NULL,
  PRIMARY KEY (`super_id`)
) ENGINE=MyISAM  DEFAULT CHARSET=utf8 COLLATE=utf8_polish_ci AUTO_INCREMENT=2 ;

--
-- Zrzut danych tabeli `super_admin`
--

INSERT INTO `super_admin` (`super_id`, `super_email`, `super_haslo`) VALUES
(1, 'ADMIN', '1b3231655cebb7a1f783eddf27d254ca');

-- --------------------------------------------------------

--
-- Struktura tabeli dla tabeli `uczestnicy`
--

CREATE TABLE IF NOT EXISTS `uczestnicy` (
  `id_uzytkownika` int(10) unsigned NOT NULL,
  `id_wycieczki` int(10) unsigned NOT NULL,
  PRIMARY KEY (`id_uzytkownika`,`id_wycieczki`),
  KEY `id_wycieczki` (`id_wycieczki`)
) ENGINE=MyISAM DEFAULT CHARSET=utf8 COLLATE=utf8_polish_ci;

--
-- Zrzut danych tabeli `uczestnicy`
--

INSERT INTO `uczestnicy` (`id_uzytkownika`, `id_wycieczki`) VALUES
(1, 2),
(1, 8),
(2, 5),
(2, 8),
(3, 6),
(3, 7),
(3, 8),
(5, 7),
(6, 3),
(8, 3),
(8, 4),
(9, 4),
(9, 7),
(10, 4),
(10, 7),
(11, 3),
(12, 5),
(14, 6),
(14, 7),
(15, 3),
(16, 3),
(17, 5),
(18, 5),
(19, 5),
(20, 5);

-- --------------------------------------------------------

--
-- Struktura tabeli dla tabeli `uzytkownicy`
--

CREATE TABLE IF NOT EXISTS `uzytkownicy` (
  `id_uzytkownika` int(10) unsigned NOT NULL AUTO_INCREMENT,
  `email` varchar(30) COLLATE utf8_polish_ci NOT NULL,
  `haslo` char(32) COLLATE utf8_polish_ci NOT NULL,
  `imie` varchar(20) COLLATE utf8_polish_ci NOT NULL,
  `nazwisko` varchar(30) COLLATE utf8_polish_ci NOT NULL,
  `plec` enum('mężczyzna','kobieta') COLLATE utf8_polish_ci DEFAULT NULL,
  `id_miasta` int(10) unsigned DEFAULT NULL,
  `moderator` tinyint(1) NOT NULL DEFAULT '0',
  PRIMARY KEY (`id_uzytkownika`),
  UNIQUE KEY `email` (`email`),
  KEY `id_miasta` (`id_miasta`)
) ENGINE=MyISAM  DEFAULT CHARSET=utf8 COLLATE=utf8_polish_ci AUTO_INCREMENT=21 ;

--
-- Zrzut danych tabeli `uzytkownicy`
--

INSERT INTO `uzytkownicy` (`id_uzytkownika`, `email`, `haslo`, `imie`, `nazwisko`, `plec`, `id_miasta`, `moderator`) VALUES
(1, 'jan@gmail.com', '0421008445828ceb46f496700a5fa65e', 'Jan', 'Janicki', 'mężczyzna', 1, 1),
(2, 'kwiatuszek33@wp.pl', '0421008445828ceb46f496700a5fa65e', 'Janina', 'Kowalczyk', 'kobieta', NULL, 0),
(3, 'buzz@we.wi.wes.com', '0421008445828ceb46f496700a5fa65e', 'Joachim', 'Brzężyszczykiewicz', 'mężczyzna', 915, 0),
(4, 'genderfluid@lgbt.com', '0421008445828ceb46f496700a5fa65e', 'Alex', 'Michlewicz', NULL, 275, 0),
(5, 'really@lost.gov.au', '0421008445828ceb46f496700a5fa65e', 'Karolina', 'Bałtroczyk', 'kobieta', 100, 1),
(6, 'komik@zkp.com', '0421008445828ceb46f496700a5fa65e', 'Karolina', 'Bałtroczyk', 'kobieta', 200, 0),
(7, 'jan2@gmail.com', '0421008445828ceb46f496700a5fa65e', 'Emil', 'Kwiatkowski', 'mężczyzna', 201, 0),
(8, 'emilia@lost.com', '0421008445828ceb46f496700a5fa65e', 'Emilia', 'Malinowska', 'kobieta', 300, 0),
(9, 'lost@gmail.com', '0421008445828ceb46f496700a5fa65e', 'Hieronim', 'Bosch', 'mężczyzna', NULL, 0),
(10, 'dwuznaczny@wp.pl', '0421008445828ceb46f496700a5fa65e', 'Maria', 'Radek', NULL, NULL, 0),
(11, 'boom@chakalaka.nz', '0421008445828ceb46f496700a5fa65e', 'Bernard', 'Chrystusiewicz', 'mężczyzna', 18, 0),
(12, 'ma@spam-nest.porn', '0421008445828ceb46f496700a5fa65e', 'Alicja', 'Kot', 'kobieta', 29, 0),
(13, 'pies@mo.ps', '0421008445828ceb46f496700a5fa65e', 'Alex', 'Moczygemba', NULL, 10, 0),
(14, 'wololo@priest.ee', '0421008445828ceb46f496700a5fa65e', 'Karol', 'Wojtyła', 'mężczyzna', 815, 0),
(15, 'holier@than.tho.us', '0421008445828ceb46f496700a5fa65e', 'Joanna', 'Papieżyca', 'kobieta', 815, 1),
(16, 'wer@gmail,com', '0421008445828ceb46f496700a5fa65e', 'Weronika', 'Wójcik', 'kobieta', 815, 0),
(17, 'woops@gmail.com', '0421008445828ceb46f496700a5fa65e', 'Hamlet', 'Odynson', 'mężczyzna', NULL, 0),
(18, 'plus_dwa@studio-rea.pl', '0421008445828ceb46f496700a5fa65e', 'Genowefa', 'Raciborska', 'kobieta', 26, 0),
(19, 'a123@generic.co.uk', '0421008445828ceb46f496700a5fa65e', 'Jan', 'Nowak', 'mężczyzna', 855, 0),
(20, 'dwudziestnik@twentysided.com', '693e810ff27604e6da274da4c77e136c', 'Shamus', 'Young', 'mężczyzna', 163, 0);

-- --------------------------------------------------------

--
-- Struktura tabeli dla tabeli `wycieczki`
--

CREATE TABLE IF NOT EXISTS `wycieczki` (
  `id_wycieczki` int(10) unsigned NOT NULL AUTO_INCREMENT,
  `liczba_miejsc` int(11) NOT NULL,
  `nazwa` varchar(30) COLLATE utf8_polish_ci NOT NULL,
  `opis` varchar(255) COLLATE utf8_polish_ci DEFAULT NULL,
  `dlugosc_trasy` int(11) NOT NULL,
  `poziom_trudnosci` enum('łatwy','średni','trudny') COLLATE utf8_polish_ci NOT NULL,
  `lokalizacja` varchar(30) COLLATE utf8_polish_ci NOT NULL,
  `data_poczatku` date NOT NULL,
  `data_konca` date NOT NULL,
  `cena` decimal(8,2) NOT NULL,
  `id_moderatora` int(10) unsigned DEFAULT NULL,
  PRIMARY KEY (`id_wycieczki`),
  KEY `wycieczki_uzytkownicy_id_foreign` (`id_moderatora`)
) ENGINE=MyISAM  DEFAULT CHARSET=utf8 COLLATE=utf8_polish_ci AUTO_INCREMENT=9 ;

--
-- Zrzut danych tabeli `wycieczki`
--

INSERT INTO `wycieczki` (`id_wycieczki`, `liczba_miejsc`, `nazwa`, `opis`, `dlugosc_trasy`, `poziom_trudnosci`, `lokalizacja`, `data_poczatku`, `data_konca`, `cena`, `id_moderatora`) VALUES
(1, 10, 'Wycieczka do pustek', 'Pusta wycieczka.', 102, 'łatwy', 'Pustki Próżne', '2015-04-08', '2015-04-23', '3.00', 1),
(2, 1, 'Bez opisu', NULL, 20, 'trudny', 'Szszszszsz....', '2015-04-22', '2015-04-22', '100.99', 1),
(3, 5, 'Pełna', 'Wycieczka z zapełnionymi miejscami', 99, 'średni', 'gdzieśtam', '2015-04-30', '2015-05-04', '99.99', 15),
(4, 4, 'LF1more', 'Wycieczka z zapełnionymi wszystkimi miejscami oprócz ostatniego.', 30, 'łatwy', 'Blisko', '2015-04-22', '2015-04-23', '459.39', 5),
(5, 200, 'Gigant', 'Na przyszłość, do testowania obciąże. Poza tym: Lorem ipsum dolor sit amet, consectetur adipiscing elit. Ut fringilla enim id augue ultrices molestie. Lorem ipsum dolor sit amet, consectetur adipiscing elit. Sed faucibus tempus libero sit amet pretium. Al', 500, 'trudny', 'Wszędzie, wszędzie, WSZĘDZIE', '2015-04-23', '2015-08-26', '4563.39', 5),
(6, 200, 'Duplikat', 'Dwie identyczne.', 500, 'średni', 'Daleko', '2015-04-23', '2015-05-05', '1563.39', 1),
(7, 200, 'Duplikat', 'Dwie identyczne.', 500, 'średni', 'Daleko', '2015-04-23', '2015-05-05', '1563.39', 1),
(8, 20, 'Stara, w dalekiej przeszłości', 'Reprezentuje wycieczkę przeszłą.', 33, 'łatwy', 'Przeszłość', '2014-02-17', '2014-03-18', '0.35', 1);

/*!40101 SET CHARACTER_SET_CLIENT=@OLD_CHARACTER_SET_CLIENT */;
/*!40101 SET CHARACTER_SET_RESULTS=@OLD_CHARACTER_SET_RESULTS */;
/*!40101 SET COLLATION_CONNECTION=@OLD_COLLATION_CONNECTION */;
