-- phpMyAdmin SQL Dump
-- version 4.1.14
-- http://www.phpmyadmin.net
--
-- Host: 127.0.0.1
-- Generation Time: 23 Maj 2015, 21:35
-- Server version: 5.6.17
-- PHP Version: 5.5.12

SET SQL_MODE = "NO_AUTO_VALUE_ON_ZERO";
SET time_zone = "+00:00";

--
-- Database: `zpi_tours`
--

-- --------------------------------------------------------

--
-- Struktura tabeli dla tabeli `miasta`
--

CREATE TABLE IF NOT EXISTS `miasta` (
  `id_miasta` int(10) unsigned NOT NULL AUTO_INCREMENT,
  `nazwa_miasta` varchar(40) COLLATE utf8_polish_ci NOT NULL,
  PRIMARY KEY (`id_miasta`)
) ENGINE=MyISAM  DEFAULT CHARSET=utf8 COLLATE=utf8_polish_ci AUTO_INCREMENT=916 ;

--
-- Zrzut danych tabeli `miasta`
--

INSERT INTO `miasta` (`id_miasta`, `nazwa_miasta`) VALUES
(1, 'Aleksandrów Kujawski'),
(2, 'Aleksandrów £ódzki'),
(3, 'Alwernia'),
(4, 'Andrychów'),
(5, 'Annopol'),
(6, 'Augustów'),
(7, 'Babimost'),
(8, 'Baborów'),
(9, 'Baranów Sandomierski'),
(10, 'Barcin'),
(11, 'Barczewo'),
(12, 'Bardo'),
(13, 'Barlinek'),
(14, 'Bartoszyce'),
(15, 'Barwice'),
(16, 'Be³chatów'),
(17, 'Be³¿yce'),
(18, 'Bêdzin'),
(19, 'Bia³a'),
(20, 'Bia³a Piska'),
(21, 'Bia³a Podlaska'),
(22, 'Bia³a Rawska'),
(23, 'Bia³obrzegi'),
(24, 'Bia³ogard'),
(25, 'Bia³y Bór'),
(26, 'Bia³ystok'),
(27, 'Biecz'),
(28, 'Bielawa'),
(29, 'Bielsk Podlaski'),
(30, 'Bielsko-Bia³a'),
(31, 'Bieruñ'),
(32, 'Bierutów'),
(33, 'Bie¿uñ'),
(34, 'Bi³goraj'),
(35, 'Biskupiec'),
(36, 'Bisztynek'),
(37, 'Blachownia'),
(38, 'B³aszki'),
(39, 'B³a¿owa'),
(40, 'B³onie'),
(41, 'Bobolice'),
(42, 'Bobowa'),
(43, 'Bochnia'),
(44, 'Bodzentyn'),
(45, 'Bogatynia'),
(46, 'Boguchwa³a'),
(47, 'Boguszów-Gorce'),
(48, 'Bojanowo'),
(49, 'Boles³awiec'),
(50, 'Bolków'),
(51, 'Borek Wielkopolski'),
(52, 'Borne Sulinowo'),
(53, 'Braniewo'),
(54, 'Brañsk'),
(55, 'Brodnica'),
(56, 'Brok'),
(57, 'Brusy'),
(58, 'Brwinów'),
(59, 'Brzeg'),
(60, 'Brzeg Dolny'),
(61, 'Brzesko'),
(62, 'Brzeszcze'),
(63, 'Brzeœæ Kujawski'),
(64, 'Brzeziny'),
(65, 'Brzostek'),
(66, 'Brzozów'),
(67, 'Buk'),
(68, 'Bukowno'),
(69, 'Busko-Zdrój'),
(70, 'Bychawa'),
(71, 'Byczyna'),
(72, 'Bydgoszcz'),
(73, 'Bystrzyca K³odzka'),
(74, 'Bytom'),
(75, 'Bytom Odrzañski'),
(76, 'Bytów'),
(77, 'Cedynia'),
(78, 'Che³m'),
(79, 'Che³mek'),
(80, 'Che³mno'),
(81, 'Che³m¿a'),
(82, 'Chêciny'),
(83, 'Chmielnik'),
(84, 'Chocianów'),
(85, 'Chociwel'),
(86, 'Chocz'),
(87, 'Chodecz'),
(88, 'Chodzie¿'),
(89, 'Chojna'),
(90, 'Chojnice'),
(91, 'Chojnów'),
(92, 'Choroszcz'),
(93, 'Chorzele'),
(94, 'Chorzów'),
(95, 'Choszczno'),
(96, 'Chrzanów'),
(97, 'Ciechanowiec'),
(98, 'Ciechanów'),
(99, 'Ciechocinek'),
(100, 'Cieszanów'),
(101, 'Cieszyn'),
(102, 'Ciê¿kowice'),
(103, 'Cybinka'),
(104, 'Czaplinek'),
(105, 'Czarna Bia³ostocka'),
(106, 'Czarna Woda'),
(107, 'Czarne'),
(108, 'Czarnków'),
(109, 'Czchów'),
(110, 'Czechowice-Dziedzice'),
(111, 'CzeladŸ'),
(112, 'Czempiñ'),
(113, 'Czerniejewo'),
(114, 'Czersk'),
(115, 'Czerwieñsk'),
(116, 'Czerwionka-Leszczyny'),
(117, 'Czêstochowa'),
(118, 'Cz³opa'),
(119, 'Cz³uchów'),
(120, 'Czy¿ew'),
(121, 'Æmielów'),
(122, 'Daleszyce'),
(123, 'Dar³owo'),
(124, 'D¹bie'),
(125, 'D¹browa Bia³ostocka'),
(126, 'D¹browa Górnicza'),
(127, 'D¹browa Tarnowska'),
(128, 'Debrzno'),
(129, 'Dêbica'),
(130, 'Dêblin'),
(131, 'Dêbno'),
(132, 'Dobczyce'),
(133, 'Dobiegniew'),
(134, 'Dobra (powiat ³obeski)'),
(135, 'Dobra (powiat turecki)'),
(136, 'Dobre Miasto'),
(137, 'Dobrodzieñ'),
(138, 'Dobrzany'),
(139, 'Dobrzyca'),
(140, 'Dobrzyñ nad Wis³¹'),
(141, 'Dolsk'),
(142, 'Drawno'),
(143, 'Drawsko Pomorskie'),
(144, 'Drezdenko'),
(145, 'Drobin'),
(146, 'Drohiczyn'),
(147, 'Drzewica'),
(148, 'Dukla'),
(149, 'Duszniki-Zdrój'),
(150, 'Dynów'),
(151, 'Dzia³dowo'),
(152, 'Dzia³oszyce'),
(153, 'Dzia³oszyn'),
(154, 'Dzierzgoñ'),
(155, 'Dzier¿oniów'),
(156, 'Dziwnów'),
(157, 'Elbl¹g'),
(158, 'E³k'),
(159, 'Frampol'),
(160, 'Frombork'),
(161, 'Garwolin'),
(162, 'G¹bin'),
(163, 'Gdañsk'),
(164, 'Gdynia'),
(165, 'Gi¿ycko'),
(166, 'Glinojeck'),
(167, 'Gliwice'),
(168, 'G³ogów'),
(169, 'G³ogów Ma³opolski'),
(170, 'G³ogówek'),
(171, 'G³owno'),
(172, 'G³ubczyce'),
(173, 'G³ucho³azy'),
(174, 'G³uszyca'),
(175, 'Gniew'),
(176, 'Gniewkowo'),
(177, 'Gniezno'),
(178, 'Gogolin'),
(179, 'Golczewo'),
(180, 'Goleniów'),
(181, 'Golina'),
(182, 'Golub-Dobrzyñ'),
(183, 'Go³añcz'),
(184, 'Go³dap'),
(185, 'Goni¹dz'),
(186, 'Gorlice'),
(187, 'Gorzów Œl¹ski'),
(188, 'Gorzów Wielkopolski'),
(189, 'Gostynin'),
(190, 'Gostyñ'),
(191, 'Goœcino'),
(192, 'Gozdnica'),
(193, 'Góra'),
(194, 'Góra Kalwaria'),
(195, 'Górowo I³aweckie'),
(196, 'Górzno'),
(197, 'Grabów nad Prosn¹'),
(198, 'Grajewo'),
(199, 'Grodków'),
(200, 'Grodzisk Mazowiecki'),
(201, 'Grodzisk Wielkopolski'),
(202, 'Grójec'),
(203, 'Grudzi¹dz'),
(204, 'Grybów'),
(205, 'Gryfice'),
(206, 'Gryfino'),
(207, 'Gryfów Œl¹ski'),
(208, 'Gubin'),
(209, 'Hajnówka'),
(210, 'Halinów'),
(211, 'Hel'),
(212, 'Hrubieszów'),
(213, 'I³awa'),
(214, 'I³owa'),
(215, 'I³¿a'),
(216, 'Imielin'),
(217, 'Inowroc³aw'),
(218, 'Iñsko'),
(219, 'Iwonicz-Zdrój'),
(220, 'Izbica Kujawska'),
(221, 'Jab³onowo Pomorskie'),
(222, 'Janikowo'),
(223, 'Janowiec Wielkopolski'),
(224, 'Janów Lubelski'),
(225, 'Jarocin'),
(226, 'Jaros³aw'),
(227, 'Jasieñ'),
(228, 'Jas³o'),
(229, 'Jastarnia'),
(230, 'Jastrowie'),
(231, 'Jastrzêbie-Zdrój'),
(232, 'Jawor'),
(233, 'Jaworzno'),
(234, 'Jaworzyna Œl¹ska'),
(235, 'Jedlicze'),
(236, 'Jedlina-Zdrój'),
(237, 'Jedwabne'),
(238, 'Jelcz-Laskowice'),
(239, 'Jelenia Góra'),
(240, 'Jeziorany'),
(241, 'Jêdrzejów'),
(242, 'Jordanów'),
(243, 'Józefów (powiat bi³gorajski)'),
(244, 'Józefów (powiat otwocki)'),
(245, 'Jutrosin'),
(246, 'Kalety'),
(247, 'Kalisz'),
(248, 'Kalisz Pomorski'),
(249, 'Kalwaria Zebrzydowska'),
(250, 'Ka³uszyn'),
(251, 'Kamienna Góra'),
(252, 'Kamieñ Krajeñski'),
(253, 'Kamieñ Pomorski'),
(254, 'Kamieñsk'),
(255, 'Kañczuga'),
(256, 'Karczew'),
(257, 'Kargowa'),
(258, 'Karlino'),
(259, 'Karpacz'),
(260, 'Kartuzy'),
(261, 'Katowice'),
(262, 'Kazimierz Dolny'),
(263, 'Kazimierza Wielka'),
(264, 'K¹ty Wroc³awskie'),
(265, 'Kcynia'),
(266, 'Kêdzierzyn-KoŸle'),
(267, 'Kêpice'),
(268, 'Kêpno'),
(269, 'Kêtrzyn'),
(270, 'Kêty'),
(271, 'Kielce'),
(272, 'Kietrz'),
(273, 'Kisielice'),
(274, 'Kleczew'),
(275, 'Kleszczele'),
(276, 'Kluczbork'),
(277, 'K³ecko'),
(278, 'K³obuck'),
(279, 'K³odawa'),
(280, 'K³odzko'),
(281, 'Knurów'),
(282, 'Knyszyn'),
(283, 'Kobylin'),
(284, 'Koby³ka'),
(285, 'Kock'),
(286, 'Kolbuszowa'),
(287, 'Kolno'),
(288, 'Kolonowskie'),
(289, 'Koluszki'),
(290, 'Ko³aczyce'),
(291, 'Ko³o'),
(292, 'Ko³obrzeg'),
(293, 'Koniecpol'),
(294, 'Konin'),
(295, 'Konstancin-Jeziorna'),
(296, 'Konstantynów £ódzki'),
(297, 'Koñskie'),
(298, 'Koprzywnica'),
(299, 'Korfantów'),
(300, 'Koronowo'),
(301, 'Korsze'),
(302, 'KosówLacki'),
(303, 'Kostrzyn'),
(304, 'Kostrzyn nad Odr¹'),
(305, 'Koszalin'),
(306, 'Koœcian'),
(307, 'Koœcierzyna'),
(308, 'Kowal'),
(309, 'Kowalewo Pomorskie'),
(310, 'Kowary'),
(311, 'Kozieg³owy'),
(312, 'Kozienice'),
(313, 'KoŸmin Wielkopolski'),
(314, 'Ko¿uchów'),
(315, 'Kórnik'),
(316, 'Krajenka'),
(317, 'Kraków'),
(318, 'Krapkowice'),
(319, 'Krasnobród'),
(320, 'Krasnystaw'),
(321, 'Kraœnik'),
(322, 'Krobia'),
(323, 'Krosno'),
(324, 'Krosno Odrzañskie'),
(325, 'Kroœniewice'),
(326, 'Krotoszyn'),
(327, 'Kruszwica'),
(328, 'Krynica Morska'),
(329, 'Krynica-Zdrój'),
(330, 'Krynki'),
(331, 'Krzanowice'),
(332, 'Krzepice'),
(333, 'Krzeszowice'),
(334, 'Krzywiñ'),
(335, 'Krzy¿ Wielkopolski'),
(336, 'Ksi¹¿ Wielkopolski'),
(337, 'Kudowa-Zdrój'),
(338, 'Kunów'),
(339, 'Kutno'),
(340, 'KuŸnia Raciborska'),
(341, 'Kwidzyn'),
(342, 'L¹dek-Zdrój'),
(343, 'Legionowo'),
(344, 'Legnica'),
(345, 'Lesko'),
(346, 'Leszno'),
(347, 'Leœna'),
(348, 'Leœnica'),
(349, 'Lewin Brzeski'),
(350, 'Le¿ajsk'),
(351, 'Lêbork'),
(352, 'Lêdziny'),
(353, 'Libi¹¿'),
(354, 'Lidzbark'),
(355, 'Lidzbark Warmiñski'),
(356, 'Limanowa'),
(357, 'Lipiany'),
(358, 'Lipno'),
(359, 'Lipsk'),
(360, 'Lipsko'),
(361, 'Lubaczów'),
(362, 'Lubañ'),
(363, 'Lubartów'),
(364, 'Lubawa'),
(365, 'Lubawka'),
(366, 'Lubieñ Kujawski'),
(367, 'Lubin'),
(368, 'Lublin'),
(369, 'Lubliniec'),
(370, 'Lubniewice'),
(371, 'Lubomierz'),
(372, 'Luboñ'),
(373, 'Lubraniec'),
(374, 'Lubsko'),
(375, 'Lwówek'),
(376, 'Lwówek Œl¹ski'),
(377, '£abiszyn'),
(378, '£añcut'),
(379, '£apy'),
(380, '£asin'),
(381, '£ask'),
(382, '£askarzew'),
(383, '£aszczów'),
(384, '£aziska Górne'),
(385, '£azy'),
(386, '£eba'),
(387, '£êczna'),
(388, '£êczyca'),
(389, '£êknica'),
(390, '£obez'),
(391, '£ob¿enica'),
(392, '£ochów'),
(393, '£omianki'),
(394, '£om¿a'),
(395, '£osice'),
(396, '£owicz'),
(397, '£ódŸ'),
(398, '£uków'),
(399, 'Maków Mazowiecki'),
(400, 'Maków Podhalañski'),
(401, 'Malbork'),
(402, 'Ma³ogoszcz'),
(403, 'Ma³omice'),
(404, 'Margonin'),
(405, 'Marki'),
(406, 'Maszewo'),
(407, 'Miasteczko Œl¹skie'),
(408, 'Miastko'),
(409, 'Micha³owo'),
(410, 'Miechów'),
(411, 'Miejska Górka'),
(412, 'Mielec'),
(413, 'Mieroszów'),
(414, 'Mieszkowice'),
(415, 'Miêdzybórz'),
(416, 'Miêdzychód'),
(417, 'Miêdzylesie'),
(418, 'Miêdzyrzec Podlaski'),
(419, 'Miêdzyrzecz'),
(420, 'Miêdzyzdroje'),
(421, 'Miko³ajki'),
(422, 'Miko³ów'),
(423, 'Mikstat'),
(424, 'Milanówek'),
(425, 'Milicz'),
(426, 'Mi³akowo'),
(427, 'Mi³om³yn'),
(428, 'Mi³os³aw'),
(429, 'Miñsk Mazowiecki'),
(430, 'Miros³awiec'),
(431, 'Mirsk'),
(432, 'M³awa'),
(433, 'M³ynary'),
(434, 'Modliborzyce'),
(435, 'Mogielnica'),
(436, 'Mogilno'),
(437, 'Moñki'),
(438, 'Mor¹g'),
(439, 'Mordy'),
(440, 'Moryñ'),
(441, 'Mosina'),
(442, 'Mr¹gowo'),
(443, 'Mrocza'),
(444, 'Mrozy'),
(445, 'Mszana Dolna'),
(446, 'Mszczonów'),
(447, 'Murowana Goœlina'),
(448, 'Muszyna'),
(449, 'Mys³owice'),
(450, 'Myszków'),
(451, 'Myszyniec'),
(452, 'Myœlenice'),
(453, 'Myœlibórz'),
(454, 'Nak³o nad Noteci¹'),
(455, 'Na³êczów'),
(456, 'Namys³ów'),
(457, 'Narol'),
(458, 'Nasielsk'),
(459, 'Nekla'),
(460, 'Nidzica'),
(461, 'Niemcza'),
(462, 'Niemodlin'),
(463, 'Niepo³omice'),
(464, 'Nieszawa'),
(465, 'Nisko'),
(466, 'Nowa Dêba'),
(467, 'Nowa Ruda'),
(468, 'Nowa Sarzyna'),
(469, 'Nowa Sól'),
(470, 'Nowe'),
(471, 'Nowe Brzesko'),
(472, 'Nowe Miasteczko'),
(473, 'Nowe Miasto Lubawskie'),
(474, 'Nowe Miasto nad Pilic¹'),
(475, 'Nowe Skalmierzyce'),
(476, 'Nowe Warpno'),
(477, 'Nowogard'),
(478, 'Nowogrodziec'),
(479, 'Nowogród'),
(480, 'Nowogród Bobrzañski'),
(481, 'Nowy Dwór Gdañski'),
(482, 'Nowy Dwór Mazowiecki'),
(483, 'Nowy S¹cz'),
(484, 'Nowy Staw'),
(485, 'Nowy Targ'),
(486, 'Nowy Tomyœl'),
(487, 'Nowy Wiœnicz'),
(488, 'Nysa'),
(489, 'Oborniki'),
(490, 'Oborniki Œl¹skie'),
(491, 'Obrzycko'),
(492, 'Odolanów'),
(493, 'Ogrodzieniec'),
(494, 'Okonek'),
(495, 'Olecko'),
(496, 'Olesno'),
(497, 'Oleszyce'),
(498, 'Oleœnica'),
(499, 'Olkusz'),
(500, 'Olsztyn'),
(501, 'Olsztynek'),
(502, 'Olszyna'),
(503, 'O³awa'),
(504, 'Opalenica'),
(505, 'Opatów'),
(506, 'Opoczno'),
(507, 'Opole'),
(508, 'Opole Lubelskie'),
(509, 'Orneta'),
(510, 'Orzesze'),
(511, 'Orzysz'),
(512, 'Osieczna'),
(513, 'Osiek'),
(514, 'Ostro³êka'),
(515, 'Ostroróg'),
(516, 'Ostrowiec Œwiêtokrzyski'),
(517, 'Ostróda'),
(518, 'Ostrów Lubelski'),
(519, 'Ostrów Mazowiecka'),
(520, 'Ostrów Wielkopolski'),
(521, 'Ostrzeszów'),
(522, 'Oœno Lubuskie'),
(523, 'Oœwiêcim'),
(524, 'Otmuchów'),
(525, 'Otwock'),
(526, 'Ozimek'),
(527, 'Ozorków'),
(528, 'O¿arów'),
(529, 'O¿arów Mazowiecki'),
(530, 'Pabianice'),
(531, 'Paczków'),
(532, 'Pajêczno'),
(533, 'Pakoœæ'),
(534, 'Parczew'),
(535, 'Pas³êk'),
(536, 'Pasym'),
(537, 'Pelplin'),
(538, 'Pe³czyce'),
(539, 'Piaseczno'),
(540, 'Piaski'),
(541, 'Piastów'),
(542, 'Piechowice'),
(543, 'Piekary Œl¹skie'),
(544, 'Pieniê¿no'),
(545, 'Pieñsk'),
(546, 'Pieszyce'),
(547, 'Pilawa'),
(548, 'Pilica'),
(549, 'Pilzno'),
(550, 'Pi³a'),
(551, 'Pi³awa Górna'),
(552, 'Piñczów'),
(553, 'Pionki'),
(554, 'Piotrków Kujawski'),
(555, 'Piotrków Trybunalski'),
(556, 'Pisz'),
(557, 'Piwniczna-Zdrój'),
(558, 'Pleszew'),
(559, 'P³ock'),
(560, 'P³oñsk'),
(561, 'P³oty'),
(562, 'Pniewy'),
(563, 'Pobiedziska'),
(564, 'Poddêbice'),
(565, 'PodkowaLeœna'),
(566, 'Pogorzela'),
(567, 'Polanica-Zdrój'),
(568, 'Polanów'),
(569, 'Police'),
(570, 'Polkowice'),
(571, 'Po³aniec'),
(572, 'Po³czyn-Zdrój'),
(573, 'Poniatowa'),
(574, 'Poniec'),
(575, 'Porêba'),
(576, 'Poznañ'),
(577, 'Prabuty'),
(578, 'Praszka'),
(579, 'Prochowice'),
(580, 'Proszowice'),
(581, 'Prószków'),
(582, 'Pruchnik'),
(583, 'Prudnik'),
(584, 'Prusice'),
(585, 'Pruszcz Gdañski'),
(586, 'Pruszków'),
(587, 'Przasnysz'),
(588, 'Przec³aw'),
(589, 'Przedbórz'),
(590, 'Przedecz'),
(591, 'Przemków'),
(592, 'Przemyœl'),
(593, 'Przeworsk'),
(594, 'Przysucha'),
(595, 'Pszczyna'),
(596, 'Pszów'),
(597, 'Puck'),
(598, 'Pu³awy'),
(599, 'Pu³tusk'),
(600, 'Puszczykowo'),
(601, 'Pyrzyce'),
(602, 'Pyskowice'),
(603, 'Pyzdry'),
(604, 'Rabka-Zdrój'),
(605, 'Raci¹¿'),
(606, 'Racibórz'),
(607, 'Radków'),
(608, 'Radlin'),
(609, 'Rad³ów'),
(610, 'Radom'),
(611, 'Radomsko'),
(612, 'Radomyœl Wielki'),
(613, 'Radymno'),
(614, 'Radziejów'),
(615, 'Radzionków'),
(616, 'Radzymin'),
(617, 'Radzyñ Che³miñski'),
(618, 'Radzyñ Podlaski'),
(619, 'Rajgród'),
(620, 'Rakoniewice'),
(621, 'Raszków'),
(622, 'Rawa Mazowiecka'),
(623, 'Rawicz'),
(624, 'Recz'),
(625, 'Reda'),
(626, 'Rejowiec Fabryczny'),
(627, 'Resko'),
(628, 'Reszel'),
(629, 'RogoŸno'),
(630, 'Ropczyce'),
(631, 'Ró¿an'),
(632, 'Ruciane-Nida'),
(633, 'Ruda Œl¹ska'),
(634, 'Rudnik nad Sanem'),
(635, 'Rumia'),
(636, 'Rybnik'),
(637, 'Rychwa³'),
(638, 'Rydu³towy'),
(639, 'Rydzyna'),
(640, 'Ryglice'),
(641, 'Ryki'),
(642, 'Rymanów'),
(643, 'Ryn'),
(644, 'Rypin'),
(645, 'Rzepin'),
(646, 'Rzeszów'),
(647, 'Rzgów'),
(648, 'Sandomierz'),
(649, 'Sanok'),
(650, 'Sejny'),
(651, 'Serock'),
(652, 'Sêdziszów'),
(653, 'Sêdziszów Ma³opolski'),
(654, 'Sêpopol'),
(655, 'Sêpólno Krajeñskie'),
(656, 'Sianów'),
(657, 'Siechnice'),
(658, 'Siedlce'),
(659, 'Siemianowice Œl¹skie'),
(660, 'Siemiatycze'),
(661, 'Sieniawa'),
(662, 'Sieradz'),
(663, 'Sieraków'),
(664, 'Sierpc'),
(665, 'Siewierz'),
(666, 'Skalbmierz'),
(667, 'Ska³a'),
(668, 'Skarszewy'),
(669, 'Skaryszew'),
(670, 'Skar¿ysko-Kamienna'),
(671, 'Skawina'),
(672, 'Skêpe'),
(673, 'Skierniewice'),
(674, 'Skoczów'),
(675, 'Skoki'),
(676, 'Skórcz'),
(677, 'Skwierzyna'),
(678, 'S³awa'),
(679, 'S³awków'),
(680, 'S³awno'),
(681, 'S³omniki'),
(682, 'S³ubice'),
(683, 'S³upca'),
(684, 'S³upsk'),
(685, 'Sobótka'),
(686, 'Sochaczew'),
(687, 'Soko³ów Ma³opolski'),
(688, 'Soko³ów Podlaski'),
(689, 'Sokó³ka'),
(690, 'Solec Kujawski'),
(691, 'Sompolno'),
(692, 'Sopot'),
(693, 'Sosnowiec'),
(694, 'Soœnicowice'),
(695, 'Stalowa Wola'),
(696, 'Starachowice'),
(697, 'Stargard Szczeciñski'),
(698, 'Starogard Gdañski'),
(699, 'StaryS¹cz'),
(700, 'Staszów'),
(701, 'Stawiski'),
(702, 'Stawiszyn'),
(703, 'St¹porków'),
(704, 'Stepnica'),
(705, 'Stêszew'),
(706, 'Stoczek £ukowski'),
(707, 'Stopnica'),
(708, 'Stronie Œl¹skie'),
(709, 'Strumieñ'),
(710, 'Stryków'),
(711, 'Strzegom'),
(712, 'Strzelce Krajeñskie'),
(713, 'Strzelce Opolskie'),
(714, 'Strzelin'),
(715, 'Strzelno'),
(716, 'Strzy¿ów'),
(717, 'Sucha Beskidzka'),
(718, 'Suchañ'),
(719, 'Suchedniów'),
(720, 'Suchowola'),
(721, 'Sulechów'),
(722, 'Sulejów'),
(723, 'Sulejówek'),
(724, 'Sulêcin'),
(725, 'Sulmierzyce'),
(726, 'Su³kowice'),
(727, 'Supraœl'),
(728, 'Sura¿'),
(729, 'Susz'),
(730, 'Suwa³ki'),
(731, 'Swarzêdz'),
(732, 'Syców'),
(733, 'Szadek'),
(734, 'Szamocin'),
(735, 'Szamotu³y'),
(736, 'Szczawnica'),
(737, 'Szczawno-Zdrój'),
(738, 'Szczebrzeszyn'),
(739, 'Szczecin'),
(740, 'Szczecinek'),
(741, 'Szczekociny'),
(742, 'Szczucin'),
(743, 'Szczuczyn'),
(744, 'Szczyrk'),
(745, 'Szczytna'),
(746, 'Szczytno'),
(747, 'Szepietowo'),
(748, 'Szklarska Porêba'),
(749, 'Szlichtyngowa'),
(750, 'Szprotawa'),
(751, 'Sztum'),
(752, 'Szubin'),
(753, 'Szyd³owiec'),
(754, 'Œcinawa'),
(755, 'Œlesin'),
(756, 'Œmigiel'),
(757, 'Œrem'),
(758, 'Œroda Œl¹ska'),
(759, 'ŒrodaWielkopolska'),
(760, 'Œwi¹tniki Górne'),
(761, 'Œwidnica'),
(762, 'Œwidnik'),
(763, 'Œwidwin'),
(764, 'Œwiebodzice'),
(765, 'Œwiebodzin'),
(766, 'Œwiecie'),
(767, 'Œwieradów-Zdrój'),
(768, 'Œwierzawa'),
(769, 'Œwiêtoch³owice'),
(770, 'Œwinoujœcie'),
(771, 'Tarczyn'),
(772, 'Tarnobrzeg'),
(773, 'Tarnogród'),
(774, 'Tarnowskie Góry'),
(775, 'Tarnów'),
(776, 'Tczew'),
(777, 'Terespol'),
(778, 'T³uszcz'),
(779, 'Tolkmicko'),
(780, 'Tomaszów Lubelski'),
(781, 'Tomaszów Mazowiecki'),
(782, 'Toruñ'),
(783, 'Torzym'),
(784, 'Toszek'),
(785, 'Trzcianka'),
(786, 'Trzciel'),
(787, 'Trzciñsko-Zdrój'),
(788, 'Trzebiatów'),
(789, 'Trzebinia'),
(790, 'Trzebnica'),
(791, 'Trzemeszno'),
(792, 'Tuchola'),
(793, 'Tuchów'),
(794, 'Tuczno'),
(795, 'Tuliszków'),
(796, 'Turek'),
(797, 'Tuszyn'),
(798, 'Twardogóra'),
(799, 'Tychowo'),
(800, 'Tychy'),
(801, 'Tyczyn'),
(802, 'Tykocin'),
(803, 'Tyszowce'),
(804, 'Ujazd'),
(805, 'Ujœcie'),
(806, 'Ulanów'),
(807, 'Uniejów'),
(808, 'Ustka'),
(809, 'Ustroñ'),
(810, 'Ustrzyki Dolne'),
(811, 'Wadowice'),
(812, 'Wa³brzych'),
(813, 'Wa³cz'),
(814, 'Warka'),
(815, 'Warszawa'),
(816, 'Warta'),
(817, 'Wasilków'),
(818, 'W¹brzeŸno'),
(819, 'W¹chock'),
(820, 'W¹growiec'),
(821, 'W¹sosz'),
(822, 'Wejherowo'),
(823, 'Wêgliniec'),
(824, 'Wêgorzewo'),
(825, 'Wêgorzyno'),
(826, 'Wêgrów'),
(827, 'Wi¹zów'),
(828, 'Wieleñ'),
(829, 'Wielichowo'),
(830, 'Wieliczka'),
(831, 'Wieluñ'),
(832, 'Wieruszów'),
(833, 'Wiêcbork'),
(834, 'Wilamowice'),
(835, 'Wis³a'),
(836, 'Witkowo'),
(837, 'Witnica'),
(838, 'Wleñ'),
(839, 'W³adys³awowo'),
(840, 'W³oc³awek'),
(841, 'W³odawa'),
(842, 'W³oszczowa'),
(843, 'Wodzis³aw Œl¹ski'),
(844, 'Wojcieszów'),
(845, 'Wojkowice'),
(846, 'Wojnicz'),
(847, 'Wolbórz'),
(848, 'Wolbrom'),
(849, 'Wolin'),
(850, 'Wolsztyn'),
(851, 'Wo³czyn'),
(852, 'Wo³omin'),
(853, 'Wo³ów'),
(854, 'WoŸniki'),
(855, 'Wroc³aw'),
(856, 'Wronki'),
(857, 'Wrzeœnia'),
(858, 'Wschowa'),
(859, 'Wyrzysk'),
(860, 'Wysoka'),
(861, 'Wysokie Mazowieckie'),
(862, 'Wyszków'),
(863, 'Wyszogród'),
(864, 'Wyœmierzyce'),
(865, 'Zab³udów'),
(866, 'Zabrze'),
(867, 'Zagórów'),
(868, 'Zagórz'),
(869, 'Zakliczyn'),
(870, 'Zaklików'),
(871, 'Zakopane'),
(872, 'Zakroczym'),
(873, 'Zalewo'),
(874, 'Zambrów'),
(875, 'Zamoœæ'),
(876, 'Zator'),
(877, 'Zawadzkie'),
(878, 'Zawichost'),
(879, 'Zawidów'),
(880, 'Zawiercie'),
(881, 'Z¹bki'),
(882, 'Z¹bkowice Œl¹skie'),
(883, 'Zb¹szynek'),
(884, 'Zb¹szyñ'),
(885, 'Zduny'),
(886, 'Zduñska Wola'),
(887, 'Zdzieszowice'),
(888, 'Zelów'),
(889, 'Zgierz'),
(890, 'Zgorzelec'),
(891, 'Zielona Góra'),
(892, 'Zielonka'),
(893, 'Ziêbice'),
(894, 'Z³ocieniec'),
(895, 'Z³oczew'),
(896, 'Z³otoryja'),
(897, 'Z³otów'),
(898, 'Z³oty Stok'),
(899, 'Zwierzyniec'),
(900, 'Zwoleñ'),
(901, '¯abno'),
(902, '¯agañ'),
(903, '¯arki'),
(904, '¯arów'),
(905, '¯ary'),
(906, '¯elechów'),
(907, '¯erków'),
(908, '¯migród'),
(909, '¯nin'),
(910, '¯ory'),
(911, '¯ukowo'),
(912, '¯uromin'),
(913, '¯ychlin'),
(914, '¯yrardów'),
(915, '¯ywiec');

-- --------------------------------------------------------

--
-- Struktura tabeli dla tabeli `rezerwacje`
--

CREATE TABLE IF NOT EXISTS `rezerwacje` (
  `id_uzytkownika` int(10) unsigned NOT NULL,
  `id_wycieczki` int(10) unsigned NOT NULL,
  `czy_zaakceptowana` tinyint(1) DEFAULT NULL,
  `data_zlozenia` timestamp NULL DEFAULT CURRENT_TIMESTAMP,
  PRIMARY KEY (`id_uzytkownika`,`id_wycieczki`)
) ENGINE=MyISAM DEFAULT CHARSET=utf8 COLLATE=utf8_polish_ci;

--
-- Zrzut danych tabeli `rezerwacje`
--

INSERT INTO `rezerwacje` (`id_uzytkownika`, `id_wycieczki`, `czy_zaakceptowana`, `data_zlozenia`) VALUES
(3, 5, null, '2015-05-23 19:35:19'),
(2, 5, null, '2015-05-23 19:35:19'),
(4, 5, 1, '2015-05-23 19:35:19'),
(1, 4, null, '2015-05-23 19:35:19'),
(15, 4, 0, '2015-05-23 19:35:19'),
(20, 1, null, '2015-05-23 19:35:19'),
(19, 1, null, '2015-05-23 19:35:19'),
(4, 8, 1, '2015-05-23 19:35:19'),
(5, 8, 0, '2015-05-23 19:35:19'),
(10, 8, null, '2015-05-23 19:35:19');

-- --------------------------------------------------------

--
-- Struktura tabeli dla tabeli `uczestnicy`
--

CREATE TABLE IF NOT EXISTS `uczestnicy` (
  `id_uzytkownika` int(10) unsigned NOT NULL,
  `id_wycieczki` int(10) unsigned NOT NULL,
  PRIMARY KEY (`id_uzytkownika`,`id_wycieczki`),
  KEY `id_wycieczki` (`id_wycieczki`)
) ENGINE=MyISAM DEFAULT CHARSET=utf8 COLLATE=utf8_polish_ci;

--
-- Zrzut danych tabeli `uczestnicy`
--

INSERT INTO `uczestnicy` (`id_uzytkownika`, `id_wycieczki`) VALUES
(1, 2),
(1, 8),
(2, 5),
(2, 8),
(3, 6),
(3, 7),
(3, 8),
(5, 7),
(6, 3),
(8, 3),
(8, 4),
(9, 4),
(9, 7),
(10, 4),
(10, 7),
(11, 3),
(12, 5),
(14, 6),
(14, 7),
(15, 3),
(16, 3),
(17, 5),
(18, 5),
(19, 5),
(20, 5);

-- --------------------------------------------------------

--
-- Struktura tabeli dla tabeli `uzytkownicy`
--

CREATE TABLE IF NOT EXISTS `uzytkownicy` (
  `id_uzytkownika` int(10) unsigned NOT NULL AUTO_INCREMENT,
  `email` varchar(30) COLLATE utf8_polish_ci NOT NULL,
  `haslo` varchar(255) COLLATE utf8_polish_ci NOT NULL,
  `imie` varchar(20) COLLATE utf8_polish_ci NOT NULL,
  `nazwisko` varchar(30) COLLATE utf8_polish_ci NOT NULL,
  `plec` enum('mê¿czyzna','kobieta') COLLATE utf8_polish_ci DEFAULT NULL,
  `id_miasta` int(10) unsigned DEFAULT NULL,
  `moderator` tinyint(1) NOT NULL DEFAULT '0',
  PRIMARY KEY (`id_uzytkownika`),
  UNIQUE KEY `email` (`email`),
  KEY `id_miasta` (`id_miasta`)
) ENGINE=MyISAM  DEFAULT CHARSET=utf8 COLLATE=utf8_polish_ci AUTO_INCREMENT=21 ;

--
-- Zrzut danych tabeli `uzytkownicy`
--

INSERT INTO `uzytkownicy` (`id_uzytkownika`, `email`, `haslo`, `imie`, `nazwisko`, `plec`, `id_miasta`, `moderator`) VALUES
(1, 'jan@gmail.com', 'poop', 'Jan', 'Janicki', 'mê¿czyzna', 1, 1),
(2, 'kwiatuszek33@wp.pl', 'poop', 'Janina', 'Kowalczyk', 'kobieta', NULL, 0),
(3, 'buzz@we.wi.wes.com', 'poop', 'Joachim', 'Brzê¿yszczykiewicz', 'mê¿czyzna', 915, 0),
(4, 'genderfluid@lgbt.com', 'poop', 'Alex', 'Michlewicz', NULL, 275, 0),
(5, 'really@lost.gov.au', 'poop', 'Karolina', 'Ba³troczyk', 'kobieta', 100, 1),
(6, 'komik@zkp.com', 'poop', 'Karolina', 'Ba³troczyk', 'kobieta', 200, 0),
(7, 'jan2@gmail.com', 'poop', 'Emil', 'Kwiatkowski', 'mê¿czyzna', 201, 0),
(8, 'emilia@lost.com', 'nie-poop', 'Emilia', 'Malinowska', 'kobieta', 300, 0),
(9, 'lost@gmail.com', 'tez_nie_poop', 'Hieronim', 'Bosch', 'mê¿czyzna', NULL, 0),
(10, 'dwuznaczny@wp.pl', 'poop', 'Maria', 'Radek', NULL, NULL, 0),
(11, 'boom@chakalaka.nz', 'sheep', 'Bernard', 'Chrystusiewicz', 'mê¿czyzna', 18, 0),
(12, 'ma@spam-nest.porn', 'spam', 'Alicja', 'Kot', 'kobieta', 29, 0),
(13, 'pies@mo.ps', 'pies', 'Alex', 'Moczygemba', NULL, 10, 0),
(14, 'wololo@priest.ee', 'pies', 'Karol', 'Wojty³a', 'mê¿czyzna', 815, 0),
(15, 'holier@than.tho.us', 'swiety', 'Joanna', 'Papie¿yca', 'kobieta', 815, 1),
(16, 'wer@gmail,com', 'nie-poop', 'Weronika', 'Wójcik', 'kobieta', 815, 0),
(17, 'woops@gmail.com', 'poop', 'Hamlet', 'Odynson', 'mê¿czyzna', NULL, 0),
(18, 'plus_dwa@studio-rea.pl', 'tez_nie_poop_%%%%3', 'Genowefa', 'Raciborska', 'kobieta', 26, 0),
(19, 'a123@generic.co.uk', '1234567890', 'Jan', 'Nowak', 'mê¿czyzna', 855, 0),
(20, 'dwudziestnik@twentysided.com', 'bollocks', 'Shamus', 'Young', 'mê¿czyzna', 163, 0);

-- --------------------------------------------------------

--
-- Struktura tabeli dla tabeli `wycieczki`
--

CREATE TABLE IF NOT EXISTS `wycieczki` (
  `id_wycieczki` int(10) unsigned NOT NULL AUTO_INCREMENT,
  `liczba_miejsc` int(11) NOT NULL,
  `nazwa` varchar(30) COLLATE utf8_polish_ci NOT NULL,
  `opis` varchar(255) COLLATE utf8_polish_ci DEFAULT NULL,
  `dlugosc_trasy` int(11) NOT NULL,
  `poziom_trudnosci` enum('³atwy','œredni','trudny') COLLATE utf8_polish_ci NOT NULL,
  `lokalizacja` varchar(30) COLLATE utf8_polish_ci NOT NULL,
  `data_poczatku` date NOT NULL,
  `data_konca` date NOT NULL,
  `cena` decimal(8,2) NOT NULL,
  `id_moderatora` int(10) unsigned DEFAULT NULL,
  PRIMARY KEY (`id_wycieczki`),
  KEY `wycieczki_uzytkownicy_id_foreign` (`id_moderatora`)
) ENGINE=MyISAM  DEFAULT CHARSET=utf8 COLLATE=utf8_polish_ci AUTO_INCREMENT=9 ;

--
-- Zrzut danych tabeli `wycieczki`
--

INSERT INTO `wycieczki` (`id_wycieczki`, `liczba_miejsc`, `nazwa`, `opis`, `dlugosc_trasy`, `poziom_trudnosci`, `lokalizacja`, `data_poczatku`, `data_konca`, `cena`, `id_moderatora`) VALUES
(1, 10, 'Wycieczka do pustek', 'Pusta wycieczka.', 102, '³atwy', 'Pustki Pró¿ne', '2015-04-08', '2015-04-23', '3.00', 1),
(2, 1, 'Bez opisu', NULL, 20, 'trudny', 'Szszszszsz....', '2015-04-22', '2015-04-22', '100.99', 1),
(3, 5, 'Pe³na', 'Wycieczka z zape³nionymi miejscami', 99, 'œredni', 'gdzieœtam', '2015-04-30', '2015-05-04', '99.99', 15),
(4, 4, 'LF1more', 'Wycieczka z zape³nionymi wszystkimi miejscami oprócz ostatniego.', 30, '³atwy', 'Blisko', '2015-04-22', '2015-04-23', '459.39', 5),
(5, 200, 'Gigant', 'Na przysz³oœæ, do testowania obci¹¿e. Poza tym: Lorem ipsum dolor sit amet, consectetur adipiscing elit. Ut fringilla enim id augue ultrices molestie. Lorem ipsum dolor sit amet, consectetur adipiscing elit. Sed faucibus tempus libero sit amet pretium. Al', 500, 'trudny', 'Wszêdzie, wszêdzie, WSZÊDZIE', '2015-04-23', '2015-08-26', '4563.39', 5),
(6, 200, 'Duplikat', 'Dwie identyczne.', 500, 'œredni', 'Daleko', '2015-04-23', '2015-05-05', '1563.39', 1),
(7, 200, 'Duplikat', 'Dwie identyczne.', 500, 'œredni', 'Daleko', '2015-04-23', '2015-05-05', '1563.39', 1),
(8, 20, 'Stara, w dalekiej przesz³oœci', 'Reprezentuje wycieczkê przesz³¹.', 33, '³atwy', 'Przesz³oœæ', '2014-02-17', '2014-03-18', '0.35', 1);


CREATE TABLE IF NOT EXISTS `super_admin` (
  `super_id` int(10) unsigned NOT NULL AUTO_INCREMENT,
  `super_email` varchar(50) NOT NULL,
  `super_haslo` char(32) NOT NULL,
  PRIMARY KEY (`super_id`)
) ENGINE=MyISAM  DEFAULT CHARSET=utf8 COLLATE=utf8_polish_ci AUTO_INCREMENT=1;

INSERT INTO `super_admin` (`super_id`, `super_email`, `super_haslo`) VALUES
(1,'ADMIN','1b3231655cebb7a1f783eddf27d254ca');